{"COI.pdf": 1738435615.9763703, "CompaniesAct2013.pdf": 1738435599.4424405, "CopyrightRules1957.pdf": 1738435591.0914805, "CSdivTheCriminalLawAct_14082018_0.pdf": 1738435605.0636356, "customacta1962-52.pdf": 1738435576.4350903, "ipc_act.pdf": 1738435569.7421865, "Labour Act.pdf": 1738435582.0504124}